_baseline	ACCEPT	124	3.02	not-rejected(3s)
pp.a0.big63	ACCEPT	124	3.02	not-rejected(3s)
pp.a0.big64	REJECT	1	0.02	InstantiationError
pp.a0.bool	REJECT	1	0.02	InstantiationError
pp.a0.emptystr	REJECT	1	0.02	InstantiationError
pp.a0.float	ACCEPT	124	3.02	not-rejected(3s)
pp.a0.half	ACCEPT	124	3.02	not-rejected(3s)
pp.a0.huge	REJECT	1	0.02	InstantiationError
pp.a0.missing	REJECT	1	0.02	InstantiationError
pp.a0.neg1	REJECT	1	0.02	InstantiationError
pp.a0.negf	REJECT	1	0.02	InstantiationError
pp.a0.null	REJECT	1	0.02	InstantiationError
pp.a0.one	ACCEPT	124	3.02	not-rejected(3s)
pp.a0.sci	ACCEPT	124	3.02	not-rejected(3s)
pp.a0.str	REJECT	1	0.02	InstantiationError
pp.a0.tiny	REJECT	1	0.02	InstantiationError
pp.a0.zero	ACCEPT	124	3.02	not-rejected(3s)
pp.decentralisationParam.big63	REJECT	1	0.02	InstantiationError
pp.decentralisationParam.big64	REJECT	1	0.02	InstantiationError
pp.decentralisationParam.bool	REJECT	1	0.02	InstantiationError
pp.decentralisationParam.emptystr	REJECT	1	0.02	InstantiationError
pp.decentralisationParam.float	REJECT	1	0.02	InstantiationError
pp.decentralisationParam.half	ACCEPT	124	3.02	not-rejected(3s)
pp.decentralisationParam.huge	REJECT	1	0.02	InstantiationError
pp.decentralisationParam.missing	REJECT	1	0.02	InstantiationError
pp.decentralisationParam.neg1	REJECT	1	0.02	InstantiationError
pp.decentralisationParam.negf	REJECT	1	0.02	InstantiationError
pp.decentralisationParam.null	REJECT	1	0.02	InstantiationError
pp.decentralisationParam.one	ACCEPT	124	3.02	not-rejected(3s)
pp.decentralisationParam.sci	REJECT	1	0.02	InstantiationError
pp.decentralisationParam.str	REJECT	1	0.02	InstantiationError
pp.decentralisationParam.tiny	REJECT	1	0.02	InstantiationError
pp.decentralisationParam.zero	ACCEPT	124	3.02	not-rejected(3s)
pp.eMax.big63	REJECT	1	0.02	InstantiationError
pp.eMax.big64	REJECT	1	0.02	InstantiationError
pp.eMax.bool	REJECT	1	0.02	InstantiationError
pp.eMax.emptystr	REJECT	1	0.02	InstantiationError
pp.eMax.float	REJECT	1	0.02	InstantiationError
pp.eMax.half	REJECT	1	0.02	InstantiationError
pp.eMax.huge	REJECT	1	0.02	InstantiationError
pp.eMax.missing	REJECT	1	0.02	InstantiationError
pp.eMax.neg1	REJECT	1	0.02	InstantiationError
pp.eMax.negf	REJECT	1	0.02	InstantiationError
pp.eMax.null	REJECT	1	0.02	InstantiationError
pp.eMax.one	ACCEPT	124	3.03	not-rejected(3s)
pp.eMax.sci	REJECT	1	0.02	InstantiationError
pp.eMax.str	REJECT	1	0.02	InstantiationError
pp.eMax.tiny	REJECT	1	0.02	InstantiationError
pp.eMax.zero	ACCEPT	124	3.02	not-rejected(3s)
pp.keyDeposit.big63	ACCEPT	124	3.02	not-rejected(3s)
pp.keyDeposit.big64	REJECT	1	0.02	InstantiationError
pp.keyDeposit.bool	REJECT	1	0.02	InstantiationError
pp.keyDeposit.emptystr	REJECT	1	0.02	InstantiationError
pp.keyDeposit.float	REJECT	1	0.02	InstantiationError
pp.keyDeposit.half	REJECT	1	0.02	InstantiationError
pp.keyDeposit.huge	REJECT	1	0.02	InstantiationError
pp.keyDeposit.missing	REJECT	1	0.02	InstantiationError
pp.keyDeposit.neg1	REJECT	1	0.02	InstantiationError
pp.keyDeposit.negf	REJECT	1	0.02	InstantiationError
pp.keyDeposit.null	REJECT	1	0.02	InstantiationError
pp.keyDeposit.one	ACCEPT	124	3.02	not-rejected(3s)
pp.keyDeposit.sci	ACCEPT	124	3.03	not-rejected(3s)
pp.keyDeposit.str	REJECT	1	0.02	InstantiationError
pp.keyDeposit.tiny	REJECT	1	0.02	InstantiationError
pp.keyDeposit.zero	ACCEPT	124	3.02	not-rejected(3s)
pp.maxBlockBodySize.big63	REJECT	1	0.02	InstantiationError
pp.maxBlockBodySize.big64	REJECT	1	0.02	InstantiationError
pp.maxBlockBodySize.bool	REJECT	1	0.02	InstantiationError
pp.maxBlockBodySize.emptystr	REJECT	1	0.02	InstantiationError
pp.maxBlockBodySize.float	REJECT	1	0.02	InstantiationError
pp.maxBlockBodySize.half	REJECT	1	0.02	InstantiationError
pp.maxBlockBodySize.huge	REJECT	1	0.02	InstantiationError
pp.maxBlockBodySize.missing	REJECT	1	0.02	InstantiationError
pp.maxBlockBodySize.neg1	REJECT	1	0.02	InstantiationError
pp.maxBlockBodySize.negf	REJECT	1	0.02	InstantiationError
pp.maxBlockBodySize.null	REJECT	1	0.02	InstantiationError
pp.maxBlockBodySize.one	ACCEPT	124	3.02	not-rejected(3s)
pp.maxBlockBodySize.sci	REJECT	1	0.02	InstantiationError
pp.maxBlockBodySize.str	REJECT	1	0.02	InstantiationError
pp.maxBlockBodySize.tiny	REJECT	1	0.02	InstantiationError
pp.maxBlockBodySize.zero	ACCEPT	124	3.02	not-rejected(3s)
pp.maxTxSize.big63	REJECT	1	0.02	InstantiationError
pp.maxTxSize.big64	REJECT	1	0.02	InstantiationError
pp.maxTxSize.bool	REJECT	1	0.02	InstantiationError
pp.maxTxSize.emptystr	REJECT	1	0.02	InstantiationError
pp.maxTxSize.float	REJECT	1	0.02	InstantiationError
pp.maxTxSize.half	REJECT	1	0.02	InstantiationError
pp.maxTxSize.huge	REJECT	1	0.02	InstantiationError
pp.maxTxSize.missing	REJECT	1	0.02	InstantiationError
pp.maxTxSize.neg1	REJECT	1	0.02	InstantiationError
pp.maxTxSize.negf	REJECT	1	0.02	InstantiationError
pp.maxTxSize.null	REJECT	1	0.02	InstantiationError
pp.maxTxSize.one	ACCEPT	124	3.02	not-rejected(3s)
pp.maxTxSize.sci	REJECT	1	0.02	InstantiationError
pp.maxTxSize.str	REJECT	1	0.02	InstantiationError
pp.maxTxSize.tiny	REJECT	1	0.02	InstantiationError
pp.maxTxSize.zero	ACCEPT	124	3.02	not-rejected(3s)
pp.minFeeA.big63	ACCEPT	124	3.02	not-rejected(3s)
pp.minFeeA.big64	REJECT	1	0.02	InstantiationError
pp.minFeeA.bool	REJECT	1	0.02	InstantiationError
pp.minFeeA.emptystr	REJECT	1	0.02	InstantiationError
pp.minFeeA.float	REJECT	1	0.02	InstantiationError
pp.minFeeA.half	REJECT	1	0.02	InstantiationError
pp.minFeeA.huge	REJECT	1	0.02	InstantiationError
pp.minFeeA.missing	REJECT	1	0.02	InstantiationError
pp.minFeeA.neg1	REJECT	1	0.02	InstantiationError
pp.minFeeA.negf	REJECT	1	0.02	InstantiationError
pp.minFeeA.null	REJECT	1	0.02	InstantiationError
pp.minFeeA.one	ACCEPT	124	3.02	not-rejected(3s)
pp.minFeeA.sci	ACCEPT	124	3.02	not-rejected(3s)
pp.minFeeA.str	REJECT	1	0.02	InstantiationError
pp.minFeeA.tiny	REJECT	1	0.02	InstantiationError
pp.minFeeA.zero	ACCEPT	124	3.02	not-rejected(3s)
pp.minFeeB.big63	ACCEPT	124	3.02	not-rejected(3s)
pp.minFeeB.big64	REJECT	1	0.02	InstantiationError
pp.minFeeB.bool	REJECT	1	0.02	InstantiationError
pp.minFeeB.emptystr	REJECT	1	0.02	InstantiationError
pp.minFeeB.float	REJECT	1	0.02	InstantiationError
pp.minFeeB.half	REJECT	1	0.02	InstantiationError
pp.minFeeB.huge	REJECT	1	0.02	InstantiationError
pp.minFeeB.missing	REJECT	1	0.02	InstantiationError
pp.minFeeB.neg1	REJECT	1	0.02	InstantiationError
pp.minFeeB.negf	REJECT	1	0.02	InstantiationError
pp.minFeeB.null	REJECT	1	0.02	InstantiationError
pp.minFeeB.one	ACCEPT	124	3.02	not-rejected(3s)
pp.minFeeB.sci	ACCEPT	124	3.02	not-rejected(3s)
pp.minFeeB.str	REJECT	1	0.02	InstantiationError
pp.minFeeB.tiny	REJECT	1	0.02	InstantiationError
pp.minFeeB.zero	ACCEPT	124	3.02	not-rejected(3s)
pp.nOpt.big63	REJECT	1	0.02	InstantiationError
pp.nOpt.big64	REJECT	1	0.02	InstantiationError
pp.nOpt.bool	REJECT	1	0.02	InstantiationError
pp.nOpt.emptystr	REJECT	1	0.02	InstantiationError
pp.nOpt.float	REJECT	1	0.02	InstantiationError
pp.nOpt.half	REJECT	1	0.02	InstantiationError
pp.nOpt.huge	REJECT	1	0.02	InstantiationError
pp.nOpt.missing	REJECT	1	0.02	InstantiationError
pp.nOpt.neg1	REJECT	1	0.02	InstantiationError
pp.nOpt.negf	REJECT	1	0.02	InstantiationError
pp.nOpt.null	REJECT	1	0.02	InstantiationError
pp.nOpt.one	ACCEPT	124	3.02	not-rejected(3s)
pp.nOpt.sci	REJECT	1	0.02	InstantiationError
pp.nOpt.str	REJECT	1	0.02	InstantiationError
pp.nOpt.tiny	REJECT	1	0.02	InstantiationError
pp.nOpt.zero	ACCEPT	124	3.02	not-rejected(3s)
pp.poolDeposit.big63	ACCEPT	124	3.02	not-rejected(3s)
pp.poolDeposit.big64	REJECT	1	0.02	InstantiationError
pp.poolDeposit.bool	REJECT	1	0.02	InstantiationError
pp.poolDeposit.emptystr	REJECT	1	0.02	InstantiationError
pp.poolDeposit.float	REJECT	1	0.02	InstantiationError
pp.poolDeposit.half	REJECT	1	0.02	InstantiationError
pp.poolDeposit.huge	REJECT	1	0.02	InstantiationError
pp.poolDeposit.missing	REJECT	1	0.02	InstantiationError
pp.poolDeposit.neg1	REJECT	1	0.02	InstantiationError
pp.poolDeposit.negf	REJECT	1	0.02	InstantiationError
pp.poolDeposit.null	REJECT	1	0.02	InstantiationError
pp.poolDeposit.one	ACCEPT	124	3.02	not-rejected(3s)
pp.poolDeposit.sci	ACCEPT	124	3.02	not-rejected(3s)
pp.poolDeposit.str	REJECT	1	0.02	InstantiationError
pp.poolDeposit.tiny	REJECT	1	0.02	InstantiationError
pp.poolDeposit.zero	ACCEPT	124	3.02	not-rejected(3s)
pp.protocolVersion.big63	REJECT	1	0.02	InstantiationError
pp.protocolVersion.big64	REJECT	1	0.02	InstantiationError
pp.protocolVersion.bool	REJECT	1	0.02	InstantiationError
pp.protocolVersion.emptystr	REJECT	1	0.02	InstantiationError
pp.protocolVersion.float	REJECT	1	0.02	InstantiationError
pp.protocolVersion.half	REJECT	1	0.02	InstantiationError
pp.protocolVersion.huge	REJECT	1	0.02	InstantiationError
pp.protocolVersion.missing	REJECT	1	0.02	InstantiationError
pp.protocolVersion.neg1	REJECT	1	0.02	InstantiationError
pp.protocolVersion.negf	REJECT	1	0.02	InstantiationError
pp.protocolVersion.null	REJECT	1	0.02	InstantiationError
pp.protocolVersion.one	REJECT	1	0.02	InstantiationError
pp.protocolVersion.sci	REJECT	1	0.02	InstantiationError
pp.protocolVersion.str	REJECT	1	0.02	InstantiationError
pp.protocolVersion.tiny	REJECT	1	0.02	InstantiationError
pp.protocolVersion.zero	REJECT	1	0.02	InstantiationError
pp.rho.big63	REJECT	1	0.02	InstantiationError
pp.rho.big64	REJECT	1	0.02	InstantiationError
pp.rho.bool	REJECT	1	0.02	InstantiationError
pp.rho.emptystr	REJECT	1	0.02	InstantiationError
pp.rho.float	REJECT	1	0.02	InstantiationError
pp.rho.half	ACCEPT	124	3.02	not-rejected(3s)
pp.rho.huge	REJECT	1	0.02	InstantiationError
pp.rho.missing	REJECT	1	0.02	InstantiationError
pp.rho.neg1	REJECT	1	0.02	InstantiationError
pp.rho.negf	REJECT	1	0.02	InstantiationError
pp.rho.null	REJECT	1	0.02	InstantiationError
pp.rho.one	ACCEPT	124	3.03	not-rejected(3s)
pp.rho.sci	REJECT	1	0.02	InstantiationError
pp.rho.str	REJECT	1	0.02	InstantiationError
pp.rho.tiny	REJECT	1	0.02	InstantiationError
pp.rho.zero	ACCEPT	124	3.02	not-rejected(3s)
pp.tau.big63	REJECT	1	0.02	InstantiationError
pp.tau.big64	REJECT	1	0.02	InstantiationError
pp.tau.bool	REJECT	1	0.02	InstantiationError
pp.tau.emptystr	REJECT	1	0.02	InstantiationError
pp.tau.float	REJECT	1	0.02	InstantiationError
pp.tau.half	ACCEPT	124	3.03	not-rejected(3s)
pp.tau.huge	REJECT	1	0.02	InstantiationError
pp.tau.missing	REJECT	1	0.02	InstantiationError
pp.tau.neg1	REJECT	1	0.02	InstantiationError
pp.tau.negf	REJECT	1	0.02	InstantiationError
pp.tau.null	REJECT	1	0.02	InstantiationError
pp.tau.one	ACCEPT	124	3.02	not-rejected(3s)
pp.tau.sci	REJECT	1	0.02	InstantiationError
pp.tau.str	REJECT	1	0.02	InstantiationError
pp.tau.tiny	REJECT	1	0.02	InstantiationError
pp.tau.zero	ACCEPT	124	3.02	not-rejected(3s)
top.activeSlotsCoeff.big63	REJECT	1	0.02	InstantiationError
top.activeSlotsCoeff.big64	REJECT	1	0.02	InstantiationError
top.activeSlotsCoeff.bool	REJECT	1	0.02	InstantiationError
top.activeSlotsCoeff.emptystr	REJECT	1	0.02	InstantiationError
top.activeSlotsCoeff.float	REJECT	1	0.02	InstantiationError
top.activeSlotsCoeff.half	ACCEPT	124	3.03	not-rejected(3s)
top.activeSlotsCoeff.huge	REJECT	1	0.02	InstantiationError
top.activeSlotsCoeff.missing	REJECT	1	0.02	InstantiationError
top.activeSlotsCoeff.neg1	REJECT	1	0.02	InstantiationError
top.activeSlotsCoeff.negf	REJECT	1	0.02	InstantiationError
top.activeSlotsCoeff.null	REJECT	1	0.02	InstantiationError
top.activeSlotsCoeff.one	ACCEPT	124	3.02	not-rejected(3s)
top.activeSlotsCoeff.sci	REJECT	1	0.02	InstantiationError
top.activeSlotsCoeff.str	REJECT	1	0.02	InstantiationError
top.activeSlotsCoeff.tiny	REJECT	1	0.02	InstantiationError
top.activeSlotsCoeff.zero	REJECT	1	0.02	InstantiationError
top.epochLength.big63	ACCEPT	124	3.02	not-rejected(3s)
top.epochLength.big64	REJECT	1	0.02	InstantiationError
top.epochLength.bool	REJECT	1	0.02	InstantiationError
top.epochLength.emptystr	REJECT	1	0.02	InstantiationError
top.epochLength.float	REJECT	1	0.02	InstantiationError
top.epochLength.half	REJECT	1	0.02	InstantiationError
top.epochLength.huge	REJECT	1	0.02	InstantiationError
top.epochLength.missing	REJECT	1	0.02	InstantiationError
top.epochLength.neg1	REJECT	1	0.02	InstantiationError
top.epochLength.negf	REJECT	1	0.02	InstantiationError
top.epochLength.null	REJECT	1	0.02	InstantiationError
top.epochLength.one	ACCEPT	124	3.03	not-rejected(3s)
top.epochLength.sci	ACCEPT	124	3.02	not-rejected(3s)
top.epochLength.str	REJECT	1	0.02	InstantiationError
top.epochLength.tiny	REJECT	1	0.02	InstantiationError
top.epochLength.zero	CRASH	1	0.14	divide by zero
top.genDelegs.big63	REJECT	1	0.02	InstantiationError
top.genDelegs.big64	REJECT	1	0.02	InstantiationError
top.genDelegs.bool	REJECT	1	0.02	InstantiationError
top.genDelegs.emptystr	REJECT	1	0.02	InstantiationError
top.genDelegs.float	REJECT	1	0.02	InstantiationError
top.genDelegs.half	REJECT	1	0.02	InstantiationError
top.genDelegs.huge	REJECT	1	0.02	InstantiationError
top.genDelegs.missing	REJECT	1	0.02	InstantiationError
top.genDelegs.neg1	REJECT	1	0.02	InstantiationError
top.genDelegs.negf	REJECT	1	0.02	InstantiationError
top.genDelegs.null	REJECT	1	0.02	InstantiationError
top.genDelegs.one	REJECT	1	0.02	InstantiationError
top.genDelegs.sci	REJECT	1	0.02	InstantiationError
top.genDelegs.str	REJECT	1	0.02	InstantiationError
top.genDelegs.tiny	REJECT	1	0.02	InstantiationError
top.genDelegs.zero	REJECT	1	0.02	InstantiationError
top.initialFunds.big63	REJECT	1	0.02	InstantiationError
top.initialFunds.big64	REJECT	1	0.02	InstantiationError
top.initialFunds.bool	REJECT	1	0.02	InstantiationError
top.initialFunds.emptystr	REJECT	1	0.02	InstantiationError
top.initialFunds.float	REJECT	1	0.02	InstantiationError
top.initialFunds.half	REJECT	1	0.02	InstantiationError
top.initialFunds.huge	REJECT	1	0.02	InstantiationError
top.initialFunds.missing	REJECT	1	0.02	InstantiationError
top.initialFunds.neg1	REJECT	1	0.02	InstantiationError
top.initialFunds.negf	REJECT	1	0.02	InstantiationError
top.initialFunds.null	REJECT	1	0.02	InstantiationError
top.initialFunds.one	REJECT	1	0.02	InstantiationError
top.initialFunds.sci	REJECT	1	0.02	InstantiationError
top.initialFunds.str	REJECT	1	0.02	InstantiationError
top.initialFunds.tiny	REJECT	1	0.02	InstantiationError
top.initialFunds.zero	REJECT	1	0.02	InstantiationError
top.maxKESEvolutions.big63	ACCEPT	124	3.02	not-rejected(3s)
top.maxKESEvolutions.big64	REJECT	1	0.02	InstantiationError
top.maxKESEvolutions.bool	REJECT	1	0.02	InstantiationError
top.maxKESEvolutions.emptystr	REJECT	1	0.02	InstantiationError
top.maxKESEvolutions.float	REJECT	1	0.02	InstantiationError
top.maxKESEvolutions.half	REJECT	1	0.02	InstantiationError
top.maxKESEvolutions.huge	REJECT	1	0.02	InstantiationError
top.maxKESEvolutions.missing	REJECT	1	0.02	InstantiationError
top.maxKESEvolutions.neg1	REJECT	1	0.02	InstantiationError
top.maxKESEvolutions.negf	REJECT	1	0.02	InstantiationError
top.maxKESEvolutions.null	REJECT	1	0.02	InstantiationError
top.maxKESEvolutions.one	ACCEPT	124	3.02	not-rejected(3s)
top.maxKESEvolutions.sci	ACCEPT	124	3.02	not-rejected(3s)
top.maxKESEvolutions.str	REJECT	1	0.02	InstantiationError
top.maxKESEvolutions.tiny	REJECT	1	0.02	InstantiationError
top.maxKESEvolutions.zero	ACCEPT	124	3.02	not-rejected(3s)
top.maxLovelaceSupply.big63	ACCEPT	124	3.03	not-rejected(3s)
top.maxLovelaceSupply.big64	REJECT	1	0.02	InstantiationError
top.maxLovelaceSupply.bool	REJECT	1	0.02	InstantiationError
top.maxLovelaceSupply.emptystr	REJECT	1	0.02	InstantiationError
top.maxLovelaceSupply.float	REJECT	1	0.02	InstantiationError
top.maxLovelaceSupply.half	REJECT	1	0.02	InstantiationError
top.maxLovelaceSupply.huge	REJECT	1	0.02	InstantiationError
top.maxLovelaceSupply.missing	REJECT	1	0.02	InstantiationError
top.maxLovelaceSupply.neg1	REJECT	1	0.02	InstantiationError
top.maxLovelaceSupply.negf	REJECT	1	0.02	InstantiationError
top.maxLovelaceSupply.null	REJECT	1	0.02	InstantiationError
top.maxLovelaceSupply.one	ACCEPT	124	3.02	not-rejected(3s)
top.maxLovelaceSupply.sci	ACCEPT	124	3.02	not-rejected(3s)
top.maxLovelaceSupply.str	REJECT	1	0.02	InstantiationError
top.maxLovelaceSupply.tiny	REJECT	1	0.02	InstantiationError
top.maxLovelaceSupply.zero	ACCEPT	124	3.02	not-rejected(3s)
top.networkMagic.big63	REJECT	1	0.02	InstantiationError
top.networkMagic.big64	REJECT	1	0.02	InstantiationError
top.networkMagic.bool	REJECT	1	0.02	InstantiationError
top.networkMagic.emptystr	REJECT	1	0.02	InstantiationError
top.networkMagic.float	REJECT	1	0.02	InstantiationError
top.networkMagic.half	REJECT	1	0.02	InstantiationError
top.networkMagic.huge	REJECT	1	0.02	InstantiationError
top.networkMagic.missing	REJECT	1	0.02	InstantiationError
top.networkMagic.neg1	REJECT	1	0.02	InstantiationError
top.networkMagic.negf	REJECT	1	0.02	InstantiationError
top.networkMagic.null	REJECT	1	0.02	InstantiationError
top.networkMagic.one	ACCEPT	124	3.02	not-rejected(3s)
top.networkMagic.sci	REJECT	1	0.02	InstantiationError
top.networkMagic.str	REJECT	1	0.02	InstantiationError
top.networkMagic.tiny	REJECT	1	0.02	InstantiationError
top.networkMagic.zero	ACCEPT	124	3.02	not-rejected(3s)
top.protocolParams.big63	REJECT	1	0.02	InstantiationError
top.protocolParams.big64	REJECT	1	0.02	InstantiationError
top.protocolParams.bool	REJECT	1	0.02	InstantiationError
top.protocolParams.emptystr	REJECT	1	0.02	InstantiationError
top.protocolParams.float	REJECT	1	0.02	InstantiationError
top.protocolParams.half	REJECT	1	0.02	InstantiationError
top.protocolParams.huge	REJECT	1	0.02	InstantiationError
top.protocolParams.missing	REJECT	1	0.02	InstantiationError
top.protocolParams.neg1	REJECT	1	0.02	InstantiationError
top.protocolParams.negf	REJECT	1	0.02	InstantiationError
top.protocolParams.null	REJECT	1	0.02	InstantiationError
top.protocolParams.one	REJECT	1	0.02	InstantiationError
top.protocolParams.sci	REJECT	1	0.02	InstantiationError
top.protocolParams.str	REJECT	1	0.02	InstantiationError
top.protocolParams.tiny	REJECT	1	0.02	InstantiationError
top.protocolParams.zero	REJECT	1	0.02	InstantiationError
top.securityParam.big63	ACCEPT	124	3.02	not-rejected(3s)
top.securityParam.big64	REJECT	1	0.02	InstantiationError
top.securityParam.bool	REJECT	1	0.02	InstantiationError
top.securityParam.emptystr	REJECT	1	0.02	InstantiationError
top.securityParam.float	REJECT	1	0.02	InstantiationError
top.securityParam.half	REJECT	1	0.02	InstantiationError
top.securityParam.huge	REJECT	1	0.02	InstantiationError
top.securityParam.missing	REJECT	1	0.02	InstantiationError
top.securityParam.neg1	REJECT	1	0.02	InstantiationError
top.securityParam.negf	REJECT	1	0.02	InstantiationError
top.securityParam.null	REJECT	1	0.02	InstantiationError
top.securityParam.one	ACCEPT	124	3.02	not-rejected(3s)
top.securityParam.sci	ACCEPT	124	3.02	not-rejected(3s)
top.securityParam.str	REJECT	1	0.02	InstantiationError
top.securityParam.tiny	REJECT	1	0.02	InstantiationError
top.securityParam.zero	REJECT	1	0.02	InstantiationError
top.slotLength.big63	ACCEPT	124	3.02	not-rejected(3s)
top.slotLength.big64	ACCEPT	124	3.02	not-rejected(3s)
top.slotLength.bool	REJECT	1	0.02	InstantiationError
top.slotLength.emptystr	REJECT	1	0.02	InstantiationError
top.slotLength.float	ACCEPT	124	3.02	not-rejected(3s)
top.slotLength.half	ACCEPT	124	3.03	not-rejected(3s)
top.slotLength.huge	ACCEPT	124	3.02	not-rejected(3s)
top.slotLength.missing	REJECT	1	0.02	InstantiationError
top.slotLength.neg1	ACCEPT	124	3.02	not-rejected(3s)
top.slotLength.negf	ACCEPT	124	3.02	not-rejected(3s)
top.slotLength.null	REJECT	1	0.02	InstantiationError
top.slotLength.one	ACCEPT	124	3.02	not-rejected(3s)
top.slotLength.sci	ACCEPT	124	3.03	not-rejected(3s)
top.slotLength.str	REJECT	1	0.02	InstantiationError
top.slotLength.tiny	CRASH	1	0.14	Ratio has zero denominator
top.slotLength.zero	CRASH	1	0.14	Ratio has zero denominator
top.slotsPerKESPeriod.big63	ACCEPT	124	3.02	not-rejected(3s)
top.slotsPerKESPeriod.big64	REJECT	1	0.02	InstantiationError
top.slotsPerKESPeriod.bool	REJECT	1	0.02	InstantiationError
top.slotsPerKESPeriod.emptystr	REJECT	1	0.02	InstantiationError
top.slotsPerKESPeriod.float	REJECT	1	0.02	InstantiationError
top.slotsPerKESPeriod.half	REJECT	1	0.02	InstantiationError
top.slotsPerKESPeriod.huge	REJECT	1	0.02	InstantiationError
top.slotsPerKESPeriod.missing	REJECT	1	0.02	InstantiationError
top.slotsPerKESPeriod.neg1	REJECT	1	0.02	InstantiationError
top.slotsPerKESPeriod.negf	REJECT	1	0.02	InstantiationError
top.slotsPerKESPeriod.null	REJECT	1	0.02	InstantiationError
top.slotsPerKESPeriod.one	ACCEPT	124	3.02	not-rejected(3s)
top.slotsPerKESPeriod.sci	ACCEPT	124	3.02	not-rejected(3s)
top.slotsPerKESPeriod.str	REJECT	1	0.02	InstantiationError
top.slotsPerKESPeriod.tiny	REJECT	1	0.02	InstantiationError
top.slotsPerKESPeriod.zero	ACCEPT	124	3.02	not-rejected(3s)
top.systemStart.big63	REJECT	1	0.02	InstantiationError
top.systemStart.big64	REJECT	1	0.02	InstantiationError
top.systemStart.bool	REJECT	1	0.02	InstantiationError
top.systemStart.emptystr	REJECT	1	0.02	InstantiationError
top.systemStart.float	REJECT	1	0.02	InstantiationError
top.systemStart.half	REJECT	1	0.02	InstantiationError
top.systemStart.huge	REJECT	1	0.02	InstantiationError
top.systemStart.missing	REJECT	1	0.02	InstantiationError
top.systemStart.neg1	REJECT	1	0.02	InstantiationError
top.systemStart.negf	REJECT	1	0.02	InstantiationError
top.systemStart.null	REJECT	1	0.02	InstantiationError
top.systemStart.one	REJECT	1	0.02	InstantiationError
top.systemStart.sci	REJECT	1	0.02	InstantiationError
top.systemStart.str	REJECT	1	0.02	InstantiationError
top.systemStart.tiny	REJECT	1	0.02	InstantiationError
top.systemStart.zero	REJECT	1	0.02	InstantiationError
top.updateQuorum.big63	ACCEPT	124	3.02	not-rejected(3s)
top.updateQuorum.big64	REJECT	1	0.02	InstantiationError
top.updateQuorum.bool	REJECT	1	0.02	InstantiationError
top.updateQuorum.emptystr	REJECT	1	0.02	InstantiationError
top.updateQuorum.float	REJECT	1	0.02	InstantiationError
top.updateQuorum.half	REJECT	1	0.02	InstantiationError
top.updateQuorum.huge	REJECT	1	0.02	InstantiationError
top.updateQuorum.missing	REJECT	1	0.02	InstantiationError
top.updateQuorum.neg1	REJECT	1	0.02	InstantiationError
top.updateQuorum.negf	REJECT	1	0.02	InstantiationError
top.updateQuorum.null	REJECT	1	0.02	InstantiationError
top.updateQuorum.one	ACCEPT	124	3.02	not-rejected(3s)
top.updateQuorum.sci	ACCEPT	124	3.02	not-rejected(3s)
top.updateQuorum.str	REJECT	1	0.02	InstantiationError
top.updateQuorum.tiny	REJECT	1	0.02	InstantiationError
top.updateQuorum.zero	ACCEPT	124	3.02	not-rejected(3s)
SWEEP_DONE 417
